Titre,Description courte,Description,Note,Note Type,Date,Période,Sous-période,Catégorie,Lien image libre de droit,Source
Hiéroglyphes cryptographiques,"Premiers exemples d'utilisation de la cryptographie par substitution.","Les hiéroglyphes égyptiens sont considérés comme l’une des plus anciennes formes de cryptographie. Des textes ont été trouvés où des symboles rares ou altérés étaient utilisés, rendant le message inintelligible pour les non-initiés.","Ces hiéroglyphes cryptographiques n'avaient pas pour but de protéger un secret d'État, mais plutôt de montrer la maîtrise linguistique et intellectuelle du scribe. Ils étaient une forme de défi cryptologique pour l'élite lettrée de l'époque, une pratique qui préfigure l’art du chiffrement.",Le saviez-vous,-1900,Prémices de l'informatique,Antiquité,Cryptographie,https://upload.wikimedia.org/wikipedia/commons/4/4e/Rosetta_Stone_BW.jpg,https://fr.wikipedia.org/wiki/Pierre_de_Rosette
Scytale spartiate,"Un ingénieux bâton de chiffrement, l'un des premiers outils de cryptographie de transposition.","La scytale est une méthode de cryptographie par transposition utilisée par les Spartiates. Un message était écrit sur une bande de cuir enroulée autour d'un bâton. Une fois déroulée, la bande ne montrait que des lettres aléatoires, incompréhensibles sans un bâton de même diamètre (la clé).","C'est un des premiers cryptosystèmes utilisant une clé. Le message n'est pas chiffré, mais transformé en fonction du diamètre du bâton. C'est l'ancêtre du principe de la clé de chiffrement et de déchiffrement.",Concept clé,-650,Prémices de l'informatique,Antiquité,Cryptographie,https://upload.wikimedia.org/wikipedia/commons/thumb/c/cf/Scytale_reconstitution.jpg/1920px-Scytale_reconstitution.jpg,https://fr.wikipedia.org/wiki/Scytale
Mécanisme d'Anticythère,"Un calculateur analogique antique, capable de prédire les positions astronomiques et les éclipses.","Découvert dans une épave grecque, le mécanisme d’Anticythère est un assemblage complexe de roues dentées. Il est considéré comme le premier ""ordinateur analogique"" de l'histoire, simulant les cycles astronomiques avec une précision remarquable.","Ce mécanisme est d'une complexité et d'une précision technologique si avancées pour son époque qu'il a remis en question nos connaissances. C'est un exemple de hardware sophistiqué qui a été perdu pendant plus de mille ans, illustrant le génie mécanique antique.",La stat,-100,Prémices de l'informatique,Antiquité,Hardware,https://upload.wikimedia.org/wikipedia/commons/e/e6/Antikythera_Mechanism_MOC.jpg,https://fr.wikipedia.org/wiki/M%C3%A9canisme_d%27Anticyth%C3%A8re
Code de César,"Un simple et efficace système de chiffrement par substitution, attribué à Jules César pour ses correspondances militaires.","Attribué à Jules César, ce code est une méthode de chiffrement par substitution. Chaque lettre du message est remplacée par une autre lettre située un nombre fixe de positions plus loin dans l'alphabet. C'est un algorithme simple mais historiquement très important.","Malgré sa simplicité, le Code de César a été utilisé pendant des siècles. Il est devenu un cas d'école pour comprendre les bases de la cryptographie et les limites des chiffrements par substitution. Il est l'archétype des chiffrements faciles à mettre en œuvre.",Le saviez-vous,-50,Prémices de l'informatique,Antiquité,Cryptographie,https://upload.wikimedia.org/wikipedia/commons/4/4b/Caesar_cipher_right_shift_of_3.svg,https://fr.wikipedia.org/wiki/Chiffrement_de_C%C3%A9sar
Invention du zéro,"L'invention du zéro en tant que chiffre et du système décimal de position a révolutionné les calculs, posant les bases de l'informatique.","Cela a été un tournant majeur. Auparavant, des systèmes comme le chiffre romain rendaient les calculs complexes. Le système décimal, avec son usage de la position, a rendu les opérations arithmétiques systématiques et simples à automatiser.","L'utilisation du zéro comme ""placeholder"" a permis d'exprimer des nombres de manière non-ambiguë. C'est la base de tout le système numérique informatique moderne. Il a ouvert la voie à la pensée binaire, où les deux chiffres 0 et 1 suffisent pour tout exprimer.",Concept clé,500,Prémices de l'informatique,Moyen Âge,Algorithmique,https://upload.wikimedia.org/wikipedia/commons/0/03/Zero_in_the_Bakhshali_manuscript.jpg,https://fr.wikipedia.org/wiki/Z%C3%A9ro
Invention de l'algèbre,Le mathématicien Al-Khwarizmi est le père de l'algèbre et de la notion d'algorithme.,"Al-Khwarizmi a été un mathématicien persan dont les travaux ont fondé l'algèbre. Il a posé les bases de la résolution de problèmes mathématiques à travers des séquences d'étapes précises, un principe fondamental en informatique.","Le nom ""algorithme"" vient directement du nom latinisé d'Al-Khwarizmi (Algorithmus). Il est considéré comme le père de l'algorithmique. Ce lien étymologique est essentiel pour comprendre les racines historiques de la discipline.",La star,820,Prémices de l'informatique,Moyen Âge,Algorithmique,https://upload.wikimedia.org/wikipedia/commons/7/75/Al-Khwarizmi_Portrait.jpg,https://fr.wikipedia.org/wiki/Al-Khwarizmi
Cryptanalyse par Al-Kindi,Le philosophe Al-Kindi a introduit la méthode de l'analyse des fréquences pour casser les codes.,"Le savant perse Al-Kindi a écrit un manuscrit sur le déchiffrement des messages cryptés. Il y expose pour la première fois la méthode de l'analyse des fréquences, qui consiste à étudier la récurrence des lettres dans un texte chiffré pour en déduire les lettres d'origine, un algorithme de cassage de code.","L'analyse des fréquences est la technique la plus simple et la plus efficace pour briser les chiffrements par substitution. La découverte de cette méthode marque la naissance de la cryptanalyse en tant que science, où l'on utilise des outils statistiques et mathématiques pour casser un code.",Concept clé,850,Prémices de l'informatique,Moyen Âge,Cryptographie,https://upload.wikimedia.org/wikipedia/commons/e/e2/Alkindus.jpg,https://fr.wikipedia.org/wiki/Al-Kindi
Pascaline,"La première machine à calculer mécanique, inventée par Blaise Pascal pour aider son père.","La Pascaline, inventée par Blaise Pascal en 1642, est considérée comme la première machine à calculer mécanique fonctionnelle. Elle pouvait effectuer des additions et des soustractions par simple manipulation de roues dentées. Son fonctionnement a ouvert la voie à la mécanisation du calcul.","Pascal a inventé cette machine à 19 ans pour aider son père, qui était percepteur des impôts. C'est un exemple fascinant de la rencontre entre les mathématiques, la mécanique et la nécessité d'automatiser des tâches répétitives.",La star,1642,Prémices de l'informatique,Première révolution mécanique,Hardware,https://upload.wikimedia.org/wikipedia/commons/a/aa/Pascaline_at_the_Conservatoire_national_des_arts_et_m%C3%A9tiers.jpg,https://fr.wikipedia.org/wiki/Pascaline
Machine de Leibniz,"Une amélioration de la Pascaline, capable de faire des multiplications et des divisions grâce à un tambour denté.","Gottfried Wilhelm Leibniz a créé sa machine à calculer, nommée ""Stepped Reckoner"", en 1673. Basée sur les travaux de Pascal, elle introduisait un mécanisme d'engrenage plus complexe pour effectuer des multiplications et des divisions de manière semi-automatique.","La machine de Leibniz, bien que mécaniquement complexe, a été la première à proposer une solution pratique pour les multiplications, en les ramenant à une série d'additions répétées. Ce principe est à la base de nombreux calculateurs ultérieurs.",Le saviez-vous,1673,Prémices de l'informatique,Première révolution mécanique,Hardware,https://upload.wikimedia.org/wikipedia/commons/f/fc/Leibniz-calculator.jpg,https://fr.wikipedia.org/wiki/Calculatrice_de_Leibniz
Métiers à tisser de Jacquard,Une innovation majeure utilisant des cartes perforées pour automatiser la création de motifs complexes sur le tissu.,"Inventé par Joseph Marie Jacquard en 1801, ce métier à tisser utilisait des cartes perforées pour commander le mouvement des fils. Chaque trou dans une carte correspondait à une instruction pour le métier. Ce système a permis de programmer des motifs textiles complexes de manière répétitive et sans erreur.","C'est la première utilisation de cartes perforées pour stocker et exécuter un programme. Elles sont considérées comme l'ancêtre du stockage de données et de la programmation, influençant Charles Babbage dans la conception de ses machines.",Concept clé,1801,Révolution mécanique,Inventions mécaniques,Hardware,https://upload.wikimedia.org/wikipedia/commons/9/9b/Jacquard_loom_mus%C3%A9e_des_Arts_et_Metiers.jpg,https://fr.wikipedia.org/wiki/M%C3%A9tier_%C3%A0_tisser_Jacquard
Algorithme d’Euclide,"L'un des plus anciens algorithmes, pour trouver le plus grand commun diviseur (PGCD) de deux entiers.","Décrit dans les Éléments d'Euclide vers -300 avant J.-C., cet algorithme utilise une série de divisions euclidiennes pour trouver le PGCD. Il est fondé sur le principe que le PGCD de deux nombres est aussi le PGCD du plus petit et du reste de leur division.","L'algorithme a été découvert indépendamment en Inde et en Chine plusieurs siècles plus tard. En Inde, il était connu sous le nom de ""pulvérisateur"" pour son efficacité à résoudre les équations diophantiennes. Il est considéré comme l'un des plus anciens algorithmes non triviaux.",Le saviez-vous,-300,Prémices de l'informatique,Antiquité,Algorithmique,https://upload.wikimedia.org/wikipedia/commons/thumb/1/15/Euclidean_algorithm_with_paper.svg/2000px-Euclidean_algorithm_with_paper.svg.png,https://fr.wikipedia.org/wiki/Algorithme_d%27Euclide
Algèbre de Boole,Système mathématique à la base de la logique informatique et de la conception des circuits électroniques.,"Développée par George Boole dans son ouvrage The Laws of Thought en 1854, cette algèbre ne manipule que deux valeurs : le vrai (1) et le faux (0). Elle permet de formaliser les opérations logiques (ET, OU, NON) qui sont le cœur du fonctionnement binaire des ordinateurs.","L'algèbre de Boole est l'un des piliers de la théorie de l'information, car elle fournit un cadre formel pour manipuler l'information binaire. Sans elle, la conception des circuits intégrés et des processeurs, basés sur des portes logiques, aurait été impossible.",Concept clé,1854,Révolution mécanique,Inventions mécaniques,Théorie de l’information,https://upload.wikimedia.org/wikipedia/commons/6/6f/Boole_George_1859_photo.jpg,https://fr.wikipedia.org/wiki/George_Boole
Algorithme d’Ada Lovelace,"Un des premiers algorithmes de l'histoire, conçu pour la machine de Babbage, mais jamais exécuté.","En 1843, Ada Lovelace a écrit des notes détaillées sur la machine analytique de Charles Babbage. Elle y décrit un algorithme pour calculer les nombres de Bernoulli, souvent considéré comme le premier programme informatique de l'histoire. Il s'agit d'une spécification très précise des étapes de calcul.",Ada Lovelace est considérée comme la première programmeuse de l'histoire. Elle a compris que la machine de Babbage ne se limitait pas à la seule arithmétique mais pouvait manipuler des symboles. Son travail a posé les bases de la programmation.,La star,1843,Révolution mécanique,Inventions mécaniques,Algorithmique,https://upload.wikimedia.org/wikipedia/commons/8/87/Ada_Lovelace_by_Alfred_Edward_Chalon.jpg,https://fr.wikipedia.org/wiki/Ada_Lovelace
Machine de Turing,Un modèle théorique de machine qui définit les limites de ce qui peut être calculé par un algorithme.,"Alan Turing a introduit ce concept en 1936 dans son article On Computable Numbers. C'est un modèle mathématique abstrait composé d'un ruban infini et d'une tête de lecture/écriture, capable d'exécuter n'importe quel algorithme.",Le modèle de la machine de Turing est le fondement de la théorie de la calculabilité. Il a montré que de nombreux problèmes ne peuvent pas être résolus par un ordinateur. La notion d'universalité est au cœur de ce modèle.,Concept clé,1936,Théorisation de l’informatique,Fondements théoriques,Algorithmique,https://upload.wikimedia.org/wikipedia/commons/a/a2/Turing_machine_simple.svg,https://fr.wikipedia.org/wiki/Machine_de_Turing
Le logiciel du programme Apollo,"Une informaticienne dont le travail a été crucial pour les missions Apollo, en particulier pour l'alunissage.","Margaret Hamilton a dirigé l'équipe chargée du développement des logiciels de vol pour le programme Apollo. Le logiciel qu'elle a conçu pour l'atterrisseur lunaire a évité l'abandon de la mission en gérant les surcharges du système, sauvant ainsi la mission.",Son travail a établi les principes modernes de la conception logicielle. Grace au concept de programmation asynchrone pour gérer les tâches prioritaires. Son rôle fut déterminant pour l'histoire de l'informatique.,La star,1969,Ère des premiers ordinateurs,Premiers langages,Algorithmique,https://upload.wikimedia.org/wikipedia/commons/9/91/Margaret_Hamilton_in_1969.jpg,https://fr.wikipedia.org/wiki/Margaret_Hamilton_(informaticienne
Base de données relationnelle,Un modèle de stockage de données qui a révolutionné la gestion de l'information.,"Edgar F. Codd a proposé ce modèle dans son article ""A Relational Model of Data for Large Shared Data Banks"". Il a formalisé l'idée de stocker les données dans des tableaux (relations) liés entre eux, ce qui a rendu la gestion et la récupération de l'information beaucoup plus simple et plus flexible.","Ce modèle a été le fondement des bases de données modernes. Il a permis de séparer la structure logique des données de leur implémentation physique, ce qui a conduit au développement du langage SQL (Structured Query Language).",Concept clé,1970,Informatique personnelle & réseaux,Micro-ordinateurs,Algorithmique,https://upload.wikimedia.org/wikipedia/commons/4/4b/Relational_database_model.svg,https://fr.wikipedia.org/wiki/Mod%C3%A8le_relationnel
FORTRAN,"Un des premiers langages de programmation de haut niveau, conçu pour le calcul scientifique et l'ingénierie.","Développé par IBM en 1957, FORTRAN (FORmula TRANslation) a été le premier langage à utiliser un compilateur. Il a permis aux scientifiques de traduire des formules mathématiques directement en code machine, rendant la programmation plus accessible.","FORTRAN est l'un des plus anciens langages encore utilisés aujourd'hui, notamment dans le domaine du calcul haute performance et de la recherche. Sa longévité témoigne de son efficacité et de sa robustesse pour les calculs intensifs.",Fun fact,1957,Ère des premiers ordinateurs,Ordinateurs à tubes,Langage de programmation,https://upload.wikimedia.org/wikipedia/commons/1/1a/FORTRAN.jpg,https://fr.wikipedia.org/wiki/Fortran
COBOL et Grace Hopper,"Langage de programmation orienté vers la gestion, dont la conception a été fortement influencée par Grace Hopper.","Développé en 1959, COBOL (COmmon Business-Oriented Language) a été conçu pour être un langage lisible et facile à comprendre, avec une syntaxe proche de l'anglais. Il est devenu le langage standard pour les applications de gestion.","Grace Hopper, surnommée ""Grand-Mère COBOL"", a été une figure majeure de sa conception et de sa standardisation. Elle croyait que les langages de programmation devaient être compréhensibles par tous, pas seulement par les scientifiques.",La star,1959,Ère des premiers ordinateurs,Ordinateurs à tubes,Langage de programmation,https://upload.wikimedia.org/wikipedia/commons/a/ad/Grace_Hopper_and_COBOL.jpg,https://fr.wikipedia.org/wiki/Grace_Hopper
Le premier compilateur,"Grace Hopper est une pionnière qui a inventé le premier compilateur, un outil fondamental en informatique.","En 1952, Grace Hopper a développé le A-0, le premier compilateur de l'histoire. Un compilateur est un programme qui traduit un langage de haut niveau en langage machine. Son travail a permis de se libérer de la programmation en binaire et d'utiliser des langages plus lisibles.",L'invention du compilateur est un concept clé qui a révolutionné la programmation. Il a rendu les ordinateurs accessibles à un plus grand nombre de personnes et a ouvert la voie au développement des langages modernes.,Concept clé,1952,Ère des premiers ordinateurs,Ordinateurs à tubes,Langage de programmation,https://upload.wikimedia.org/wikipedia/commons/0/07/Grace_Hopper.jpg,https://fr.wikipedia.org/wiki/Grace_Hopper
Langage C,Un langage de programmation puissant et flexible qui a servi de base à de nombreux systèmes d'exploitation.,"Développé par Dennis Ritchie et Ken Thompson chez Bell Labs, le langage C a été créé en 1972 pour réécrire le système d'exploitation UNIX. Il est connu pour sa capacité à gérer la mémoire et son faible niveau d'abstraction.","Le langage C est l'un des langages de programmation les plus influents de l'histoire. Il a inspiré des langages comme C++, Java, C# et Python. C'est un pilier de l'informatique moderne et de l'enseignement.",Fun fact,1972,Informatique personnelle & réseaux,Micro-ordinateurs,Langage de programmation,https://upload.wikimedia.org/wikipedia/commons/3/35/The_C_Programming_Language_logo.svg,https://fr.wikipedia.org/wiki/C_(langage
Java,Un langage de programmation orienté objet conçu pour être portable et pouvoir s'exécuter sur n'importe quelle plateforme.,"Créé en 1995 par James Gosling chez Sun Microsystems, Java a été conçu avec le principe ""Write Once, Run Anywhere"". La machine virtuelle Java (JVM) permet de compiler le code une seule fois, puis de l'exécuter sur n'importe quel appareil équipé de la JVM.",Java a joué un rôle majeur dans le développement du Web. Il est massivement utilisé dans les applications d'entreprise et les systèmes Android. Sa popularité est due à sa portabilité et sa robustesse pour les systèmes distribués.,Concept clé,1995,Avènement d’Internet,Web initial,Langage de programmation,https://upload.wikimedia.org/wikipedia/fr/5/52/Java.svg,https://fr.wikipedia.org/wiki/Java_(langage
Python,"Un langage de programmation polyvalent, connu pour sa syntaxe simple et sa lisibilité, très utilisé en science des données.","Créé par Guido van Rossum en 1991, Python est un langage interprété et orienté objet. Il est très apprécié pour sa simplicité et sa courbe d'apprentissage rapide. Il est devenu un standard dans des domaines comme l'IA, le machine learning et le développement web.","L'une des principales forces de Python réside dans son écosystème de bibliothèques très riche, comme NumPy et Pandas, qui en font un outil puissant pour le traitement de données et la recherche scientifique. Son adoption a été fulgurante.",Fun fact,1991,Avènement d’Internet,Web initial,Langage de programmation,https://upload.wikimedia.org/wikipedia/commons/c/c3/Python-logo-notext.svg,https://fr.wikipedia.org/wiki/Python_(langage
Invention du RSA,"Un des premiers algorithmes de chiffrement asymétrique, à la base de la sécurité des communications modernes.","En 1977, Rivest, Shamir et Adleman ont développé l'algorithme RSA. Il utilise une paire de clés (une publique, une privée). La clé publique chiffre un message, qui ne peut être déchiffré qu'avec la clé privée. Ce principe est l'inverse de la cryptographie symétrique.","L'algorithme RSA permet la communication sécurisée entre deux personnes qui ne se sont jamais rencontrées. Ce concept de cryptographie asymétrique est la base de toute la cybersécurité moderne, des transactions bancaires en ligne aux VPN.",Concept clé,1977,Informatique personnelle & réseaux,Micro-ordinateurs,Cryptographie,https://upload.wikimedia.org/wikipedia/commons/e/ec/RSA_Algorithm_Diagram.svg,https://fr.wikipedia.org/wiki/RSA_(cryptographie
Invention de Bitcoin,"La première application d'une monnaie numérique décentralisée, posant les bases de la technologie blockchain.","En 2008, un individu ou groupe utilisant le pseudonyme Satoshi Nakamoto a publié un livre blanc décrivant Bitcoin. C'est un système de paiement électronique de pair à pair qui n'utilise pas d'autorité centrale. Son fonctionnement repose sur la cryptographie.","Bitcoin utilise une technologie nommée la blockchain, un registre distribué qui garantit la sécurité et l'intégrité des transactions. La création de Bitcoin a ouvert la voie à de nombreuses autres crypto-monnaies.",Concept clé,2008,Avènement d’Internet,Web 2.0,Cryptographie,https://upload.wikimedia.org/wikipedia/commons/thumb/4/46/Bitcoin.svg/2000px-Bitcoin.svg.png,https://fr.wikipedia.org/wiki/Bitcoin
Lancement de l'AES,"Un standard de chiffrement de pointe, adopté par le gouvernement américain pour protéger les données.","En 2001, le National Institute of Standards and Technology (NIST) a adopté le Advanced Encryption Standard (AES) comme standard de chiffrement. L'AES est un algorithme de chiffrement symétrique, remplaçant l'ancien standard DES qui n'était plus jugé assez sécurisé.","L'AES est aujourd'hui utilisé dans le monde entier pour sécuriser une multitude de communications. Il est très performant et robuste, et il est considéré comme l'un des algorithmes de chiffrement les plus sûrs disponibles.",La stat,2001,Avènement d’Internet,Web 2.0,Cryptographie,https://upload.wikimedia.org/wikipedia/commons/1/1e/AES_Diagram.svg,https://fr.wikipedia.org/wiki/Advanced_Encryption_Standard
Machine analytique de Babbage,"La première conception théorique d'un ordinateur programmable, jamais construite du vivant de son inventeur.","Charles Babbage a conçu cette machine dans les années 1830. Elle était destinée à exécuter des calculs arithmétiques complexes et aurait été alimentée par des cartes perforées. C'est l'ancêtre de l'ordinateur.","Bien que Babbage n'ait jamais pu la construire, sa conception est considérée comme la base du concept de l'ordinateur. L'unité arithmétique et l'unité de contrôle sont deux éléments que l'on retrouve dans tous les ordinateurs actuels.",Concept clé,1837,Révolution mécanique,Inventions mécaniques,Hardware,https://upload.wikimedia.org/wikipedia/commons/thumb/c/cf/Babbage_Difference_Engine.jpg/1920px-Babbage_Difference_Engine.jpg,https://fr.wikipedia.org/wiki/Machine_analytique
Manchester Mark 1,"L'un des premiers ordinateurs électroniques au monde à mémoire de programme, construit à l'Université de Manchester.","Le Manchester Mark 1 a été mis en service en 1948. C'était un ordinateur expérimental qui a démontré l'efficacité des mémoires à tambour magnétique. Il a servi de prototype pour les ordinateurs modernes qui stockent les programmes en mémoire.","Ce prototype a été le berceau de l'un des premiers langages de programmation de l'histoire, l'Assembleur. Il a été crucial pour le développement des ordinateurs qui suivirent, ouvrant la voie au fer de lance de la révolution numérique.",Le saviez-vous,1948,Théorisation de l’informatique,Naissance de l'informatique moderne,Hardware,https://upload.wikimedia.org/wikipedia/commons/thumb/d/d4/Manchester_Mark_1_schematic.jpg/1920px-Manchester_Mark_1_schematic.jpg,https://fr.wikipedia.org/wiki/Manchester_Mark_1
EDVAC,"Le premier ordinateur à utiliser l'architecture de Von Neumann, où programmes et données sont stockés ensemble.","L'EDVAC (Electronic Discrete Variable Automatic Computer) a été conçu en 1945, mais n'a été achevé qu'en 1949. Il est le premier ordinateur à avoir utilisé l'architecture proposée par le mathématicien John von Neumann, qui est toujours la base de nos ordinateurs actuels.","L'architecture de Von Neumann est une innovation majeure. Elle permet de stocker les instructions du programme dans la même mémoire que les données, facilitant la modification du programme. C'est le principe qui a rendu les ordinateurs polyvalents et flexibles.",Concept clé,1949,Théorisation de l’informatique,Naissance de l'informatique moderne,Hardware,https://upload.wikimedia.org/wikipedia/commons/thumb/7/7b/EDVAC_-Smithsonian.jpg/1920px-EDVAC-_Smithsonian.jpg,https://fr.wikipedia.org/wiki/EDVAC
UNIVAC I,"Le premier ordinateur commercial produit en masse, marquant le début de l'ère de l'informatique grand public.",L'UNIVAC I (Universal Automatic Computer I) a été lancé en 1951. C'était le premier ordinateur à avoir été produit en masse à des fins commerciales. Il a notamment été utilisé par le Bureau du recensement des États-Unis et pour prédire l'élection présidentielle de 1952.,"La prédiction de l'élection, diffusée à la télévision, a été un événement médiatique majeur et a popularisé l'idée de l'ordinateur comme un outil capable de traiter d'énormes quantités d'informations. C'est un fun fact qui a marqué son époque.",Fun fact,1951,Ère des premiers ordinateurs,Ordinateurs à tubes,Hardware,https://upload.wikimedia.org/wikipedia/commons/thumb/6/69/Univac_I_and_Eckert_Mauchly.jpg/1920px-Univac_I_and_Eckert_Mauchly.jpg,https://fr.wikipedia.org/wiki/UNIVAC_I
Microprocesseur Intel 4004,"Le premier microprocesseur commercial, une innovation qui a révolutionné l'informatique en miniaturisant les circuits.","L'Intel 4004 a été lancé en 1971. C'est le premier microprocesseur commercial, intégrant le processeur, la mémoire et les E/S sur une seule puce. Il est composé de plus de 2300 transistors sur un seul circuit intégré.","L'invention du microprocesseur a été un tournant majeur. Elle a permis de réduire la taille et le coût des ordinateurs, ouvrant la voie aux micro-ordinateurs personnels. Il a rendu l'informatique accessible au grand public et a déclenché une révolution.",Concept clé,1971,Informatique personnelle & réseaux,Micro-ordinateurs,Hardware,https://upload.wikimedia.org/wikipedia/commons/thumb/3/36/Intel_4004.jpg/1920px-Intel_4004.jpg,https://fr.wikipedia.org/wiki/Intel_4004
Altair 8800,"Un des premiers micro-ordinateurs personnels, vendu en kit, qui a donné naissance à l'industrie du PC.","L'Altair 8800, lancé en 1975, était un ordinateur vendu en kit. Il a été créé pour les hobbyistes et a été un succès retentissant. Sa popularité a inspiré des entreprises comme Microsoft, qui a développé un interpréteur BASIC pour lui.","La demande pour l'Altair 8800 a montré qu'il existait un marché pour les ordinateurs personnels. C'est une statistique impressionnante, car elle a prouvé le marché des ordinateurs personnels et a lancé la révolution de la micro-informatique.",La stat,1975,Informatique personnelle & réseaux,Micro-ordinateurs,Hardware,https://upload.wikimedia.org/wikipedia/commons/a/af/Altair_8800.jpg,https://fr.wikipedia.org/wiki/Altair_8800
IBM PC,"Le premier ordinateur personnel d'IBM, qui a popularisé la notion de ""PC"" et a créé un standard de facto.","Lancé en 1981, l'IBM PC n'était pas le premier ordinateur personnel, mais il est devenu un standard grâce à son architecture ouverte. Les concurrents ont pu cloner la machine, ce qui a popularisé le terme ""PC"" pour les ordinateurs personnels compatibles.","L'ouverture de l'architecture de l'IBM PC a permis le développement d'un écosystème massif de logiciels et de périphériques. L'un des plus célèbres était le système d'exploitation MS-DOS, fourni par une petite start-up nommée Microsoft.",Concept clé,1981,Informatique personnelle & réseaux,Standardisation réseau,Hardware,https://upload.wikimedia.org/wikipedia/commons/thumb/a/a8/IBM_PC_Model_5150_Side.png/1920px-IBM_PC_Model_5150_Side.png,https://fr.wikipedia.org/wiki/IBM_PC
Apple Macintosh,"Le premier ordinateur grand public à utiliser une interface graphique, une souris et des icônes.","Lancé en 1984, le Macintosh a révolutionné l'expérience utilisateur avec son interface graphique, ses icônes et l'utilisation d'une souris. Il a rendu l'informatique plus intuitive et plus accessible aux personnes qui n'étaient pas des experts.","La publicité de lancement, diffusée pendant le Super Bowl de 1984, est une des plus célèbres de l'histoire. Réalisée par Ridley Scott, elle mettait en scène une femme détruisant le totalitarisme d'IBM. C'est un fun fact qui a marqué le marketing tech.",Fun fact,1984,Informatique personnelle & réseaux,Standardisation réseau,Hardware,https://upload.wikimedia.org/wikipedia/commons/thumb/4/4e/Macintosh_128k_transparency.png/1920px-Macintosh_128k_transparency.png,https://fr.wikipedia.org/wiki/Macintosh
Machine Z1 de Konrad Zuse,"L'une des premières machines à calculer binaires et programmables, conçue par Konrad Zuse.","La Z1 a été construite entre 1936 et 1938. C'était une machine mécanique, mais elle utilisait déjà un système binaire pour le calcul et le stockage. C'était une innovation majeure, car la plupart des machines de l'époque étaient basées sur le système décimal.","La machine Z1 est la première d'une série de machines construites par Zuse, qui a également mis au point le premier langage de programmation de haut niveau, le Plankalkül. C'est un précurseur des ordinateurs programmables, malgré son échec.",Le saviez-vous,1938,Théorisation de l’informatique,Fondements théoriques,Hardware,https://upload.wikimedia.org/wikipedia/commons/d/de/Zuse-Z1.jpg,https://fr.wikipedia.org/wiki/Z1_(ordinateur
Colossus,"Le premier ordinateur électronique programmable, conçu pour déchiffrer les messages nazis pendant la Seconde Guerre mondiale.",Le Colossus a été construit en 1943 par une équipe dirigée par Thomas Flowers. Il était utilisé à Bletchley Park pour déchiffrer les messages chiffrés par la machine allemande Lorenz. Sa conception a été gardée secrète pendant des décennies après la guerre.,"Le Colossus était un ordinateur basé sur des tubes à vide et il était programmable par câblage. C'est un événement de cryptographie majeur, car il a considérablement réduit le temps de déchiffrement des messages allemands, changeant ainsi le cours de la guerre.",Concept clé,1943,Théorisation de l’informatique,Fondements théoriques,Hardware,https://upload.wikimedia.org/wikipedia/commons/thumb/c/ca/Colossus_rebuild_at_Bletchley_Park.jpg/1920px-Colossus_rebuild_at_Bletchley_Park.jpg,https://fr.wikipedia.org/wiki/Colossus
Transistor,L'invention du transistor a rendu possible la miniaturisation des circuits et la naissance de l'électronique moderne.,"Inventé en 1947 par John Bardeen, Walter Brattain et William Shockley chez Bell Labs, le transistor a remplacé les tubes à vide. Plus petit, plus rapide et plus fiable, il a été la pièce maîtresse des ordinateurs qui ont suivi.","Les inventeurs du transistor ont reçu le prix Nobel de physique en 1956 pour leur découverte. Son invention est à l'origine de tous les appareils électroniques modernes, des ordinateurs aux téléphones portables. C'est une innovation capitale.",La star,1947,Théorisation de l’informatique,Naissance de l'informatique moderne,Hardware,https://upload.wikimedia.org/wikipedia/commons/thumb/f/f6/Transistor.jpg/1920px-Transistor.jpg,https://fr.wikipedia.org/wiki/Transistor
Circuit intégré,"L'intégration de plusieurs transistors sur une seule puce de silicium, marquant un tournant dans l'industrie.","Inventé par Jack Kilby en 1958, le circuit intégré a permis de condenser des milliers de transistors sur une seule puce. Cette innovation a radicalement réduit la taille et le coût des ordinateurs, ouvrant la voie à une nouvelle ère de l'électronique.","L'invention du circuit intégré est la base de tous les processeurs et puces mémoire actuels. Sans cette avancée, les micro-ordinateurs n'auraient jamais vu le jour, et la loi de Moore n'aurait pas été formulée.",Concept clé,1958,Ère des premiers ordinateurs,Ordinateurs à tubes,Hardware,https://upload.wikimedia.org/wikipedia/commons/b/b5/Jack_Kilby_working_on_an_integrated_circuit.jpg,https://fr.wikipedia.org/wiki/Circuit_int%C3%A9gr%C3%A9
Première souris d'ordinateur,L'introduction d'un périphérique d'entrée qui a rendu les ordinateurs plus conviviaux pour l'utilisateur.,La première souris d'ordinateur a été inventée par Douglas Engelbart en 1964. Ce périphérique d'entrée permettait de contrôler le pointeur sur un écran et de manipuler une interface graphique. Elle est un composant essentiel de nos interfaces.,"La souris a été présentée pour la première fois lors d'une conférence en 1968, surnommée ""la mère de toutes les démonstrations"". Elle a été un élément clé pour le développement des interfaces graphiques qui ont rendu les ordinateurs plus accessibles.",Le saviez-vous,1964,Ère des premiers ordinateurs,Premiers langages,Hardware,https://upload.wikimedia.org/wikipedia/commons/e/e0/Engelbart_at_computer_with_mouse.jpg,https://fr.wikipedia.org/wiki/Douglas_Engelbart
Loi de Moore,Une observation empirique selon laquelle le nombre de transistors double tous les deux ans.,"Formulée par Gordon Moore, le cofondateur d'Intel, en 1965. Cette observation prédit que la complexité des circuits intégrés, en termes de nombre de transistors, double environ tous les deux ans, sans augmentation de la taille.","La loi de Moore est une statistique qui a servi de ligne directrice pour l'industrie des semi-conducteurs pendant des décennies. Bien que sa fin soit souvent annoncée, elle a été un moteur d'innovation et de progrès technologique.",La stat,1965,Ère des premiers ordinateurs,Premiers langages,Hardware,https://upload.wikimedia.org/wikipedia/commons/thumb/a/a2/Moore%27s_Law_Graph.svg/1920px-Moore%27s_Law_Graph.svg.png,https://fr.wikipedia.org/wiki/Loi_de_Moore
Game console Atari 2600,Une console de jeu vidéo qui a popularisé les cartouches de jeu et a marqué l'essor de l'industrie du jeu vidéo.,"Lancée en 1977, l'Atari 2600 a été la première console de salon à utiliser des cartouches de jeu interchangeables. Elle a rencontré un succès commercial retentissant, introduisant le jeu vidéo dans les foyers du monde entier.","L'Atari 2600 est devenue une star de la culture populaire. Sa chute, due à une surabondance de jeux de mauvaise qualité et à l'échec d'E.T. l'extraterrestre, a failli faire disparaître l'industrie du jeu vidéo.",La star,1977,Informatique personnelle & réseaux,Micro-ordinateurs,Hardware,https://upload.wikimedia.org/wikipedia/commons/8/87/Atari-2600-console.jpg,https://fr.wikipedia.org/wiki/Atari_2600
Invention du CD-ROM,"Un support de stockage optique qui a révolutionné la distribution de données, de logiciels et de musique.","Le CD-ROM (Compact Disc Read-Only Memory) a été inventé par Sony et Philips et commercialisé pour l'informatique en 1985. Il permettait de stocker une grande quantité de données, bien plus que les disquettes de l'époque.",Le CD-ROM a permis la distribution de logiciels et de jeux vidéo plus complexes. Le CD audio a aussi révolutionné l'industrie de la musique. Son avènement est un fun fact qui a façonné les médias.,Fun fact,1985,Informatique personnelle & réseaux,Standardisation réseau,Hardware,https://upload.wikimedia.org/wikipedia/commons/thumb/7/7b/CD-ROM.jpg/1920px-CD-ROM.jpg,https://fr.wikipedia.org/wiki/Compact_disc
Création de la clé USB,Un support de stockage portable qui a remplacé les disquettes et les CD-ROM.,"La clé USB (Universal Serial Bus) a été inventée en 1999. Elle a rapidement remplacé les disquettes et les CD-ROM grâce à sa petite taille, sa grande capacité de stockage et sa facilité d'utilisation.","La clé USB est devenue un standard de fait pour le transport et le stockage de données. Son invention est souvent attribuée à plusieurs entreprises, dont M-Systems et IBM, ce qui est un le saviez-vous intéressant de l'histoire de la technologie.",Le saviez-vous,1999,Avènement d’Internet,Web initial,Hardware,https://upload.wikimedia.org/wikipedia/commons/thumb/a/a9/USB-stick_2GB_Transcend.jpg/1920px-USB-stick_2GB_Transcend.jpg,https://fr.wikipedia.org/wiki/Cl%C3%A9_USB
Le premier iPhone,Le téléphone qui a révolutionné l'industrie mobile avec son interface tactile et son écosystème d'applications.,"Lancé par Apple en 2007, le premier iPhone a combiné un téléphone, un iPod et un navigateur web dans un seul appareil. Son interface tactile multipoint et son design ont créé un standard pour les smartphones.",L'iPhone a été un tournant dans l'industrie de la téléphonie. Il a rendu le concept de l'ordinateur portable et du multimédia sur un seul appareil plus attrayant. C'est un fun fact qui a propulsé l'ère mobile.,Fun fact,2007,Avènement d’Internet,Web 2.0,Hardware,https://upload.wikimedia.org/wikipedia/commons/thumb/f/f6/IPhone_original.png/1920px-IPhone_original.png,https://fr.wikipedia.org/wiki/IPhone_(1re_g%C3%A9n%C3%A9ration
La théorie de l'information,"Le document fondateur de l'informatique, introduisant les concepts d'information, d'entropie et de bit.","En 1948, Claude Shannon a publié un article intitulé ""A Mathematical Theory of Communication"". Ce texte a jeté les bases d'une théorie scientifique de la communication. Il y introduit des concepts fondamentaux : la mesure de l'information (le bit), la capacité d'un canal et le codage.",La publication de cet article est souvent considérée comme l'acte de naissance de l'ère de l'information. Shannon y a formalisé la notion d'information en la détachant de la sémantique pour la traiter comme une entité purement statistique et probabiliste.,Concept clé,1948,Théorisation de l’informatique,Naissance de l'informatique moderne,Théorie de l’information,https://upload.wikimedia.org/wikipedia/commons/d/dd/Claude_E_Shannon.jpg,https://fr.wikipedia.org/wiki/Claude_Shannon
ARPANET,"Le premier réseau à commutation de paquets, l'ancêtre d'Internet, qui a jeté les bases du réseau mondial.","Développé par le ministère de la Défense américain en 1969, l'ARPANET a été le premier réseau à utiliser la commutation de paquets. Il a permis de relier des ordinateurs entre eux et a prouvé la faisabilité des communications distribuées.","Le premier message envoyé sur ARPANET était ""LO"" (pour ""LOGIN""). Le système a planté après les deux premières lettres. C'est un fun fact qui montre les débuts modestes d'une technologie qui allait changer le monde.",Fun fact,1969,Ère des premiers ordinateurs,Premiers langages,Réseau,https://upload.wikimedia.org/wikipedia/commons/thumb/c/c5/Arpanet_map.svg/1920px-Arpanet_map.svg.png,https://fr.wikipedia.org/wiki/ARPANET
Premier e-mail,L'invention du courrier électronique a révolutionné la communication et la façon dont les gens interagissent.,"En 1971, Ray Tomlinson a envoyé le premier e-mail sur le réseau ARPANET. Il a eu l'idée d'utiliser le symbole ""@"" pour séparer le nom de l'utilisateur de celui de sa machine. C'est un événement majeur de l'histoire des réseaux.","Ray Tomlinson n'a pas gardé la trace du contenu du premier e-mail, qu'il a décrit comme ""quelque chose comme QWERTYUIOP"". C'est un fun fact qui montre que les grandes inventions peuvent avoir des débuts très discrets et informels.",Fun fact,1971,Informatique personnelle & réseaux,Micro-ordinateurs,Réseau,https://upload.wikimedia.org/wikipedia/commons/thumb/2/25/Ray_Tomlinson_by_Joi_Ito.jpg/1920px-Ray_Tomlinson_by_Joi_Ito.jpg,https://fr.wikipedia.org/wiki/Ray_Tomlinson
Ethernet,Une technologie de réseau local qui a permis aux ordinateurs de se connecter entre eux dans un même bâtiment.,"Développé par Bob Metcalfe au Xerox PARC en 1973, l'Ethernet est un protocole de réseau local. Il a permis de relier plusieurs ordinateurs à l'intérieur d'un même réseau. C'est le standard de facto des réseaux filaires.","L'Ethernet était initialement prévu pour relier les ordinateurs de l'université d'Hawaï. C'est un le saviez-vous qui montre comment une solution locale est devenue un standard mondial, à l'instar d'Internet lui-même.",Le saviez-vous,1973,Informatique personnelle & réseaux,Micro-ordinateurs,Réseau,https://upload.wikimedia.org/wikipedia/commons/thumb/6/62/Ethernet_diagram_with_hubs.svg/1920px-Ethernet_diagram_with_hubs.svg.png,https://fr.wikipedia.org/wiki/Ethernet
World Wide Web,"Le concept d'un réseau mondial de documents liés entre eux, qui a ouvert Internet au grand public.","Le World Wide Web a été inventé par Tim Berners-Lee en 1989. C'est un système hypertexte public qui permet de naviguer entre des documents en utilisant des liens. Il est basé sur des technologies comme le HTML, le HTTP et les URL.","Le premier site web, info.cern.ch, a été mis en ligne en 1991. Sa fonction était de décrire le projet lui-même et de guider les utilisateurs. C'est un fun fact qui a marqué le début de l'ère du Web.",Fun fact,1989,Informatique personnelle & réseaux,Standardisation réseau,Internet,https://upload.wikimedia.org/wikipedia/commons/thumb/a/a8/WWW_logo.svg/1920px-WWW_logo.svg.png,https://fr.wikipedia.org/wiki/World_Wide_Web
Mosaic,"Le premier navigateur web grand public, qui a rendu l'accès au Web simple et visuel.","Développé par l'équipe de Marc Andreessen au National Center for Supercomputing Applications (NCSA) en 1993, le navigateur Mosaic a été le premier à afficher des images en ligne avec du texte. C'est le premier navigateur web populaire.","Mosaic est considéré comme le catalyseur de l'explosion du Web. Il a rendu la navigation plus intuitive, ouvrant le Web à un public non scientifique. C'est un concept clé de l'histoire d'Internet et des navigateurs.",Concept clé,1993,Avènement d’Internet,Web initial,Internet,https://upload.wikimedia.org/wikipedia/commons/thumb/9/94/NCSA_Mosaic_on_Macintosh.png/1920px-NCSA_Mosaic_on_Macintosh.png,https://fr.wikipedia.org/wiki/Mosaic_(navigateur_web
L'Internet des objets (IoT),L'idée que tous les objets du quotidien peuvent être connectés à Internet pour collecter des données.,"L'expression ""Internet des objets"" (IoT) a été popularisée par Kevin Ashton en 1999, mais le concept a pris son essor dans les années 2010. Il s'agit d'un réseau de capteurs, de logiciels et d'objets connectés qui communiquent entre eux et avec Internet.",L'IoT est une statistique en pleine croissance. Le nombre d'appareils connectés est passé de quelques millions à plusieurs milliards en moins de deux décennies. Cela a ouvert la voie à de nouvelles applications et à la collecte de données massives.,La stat,1999,Avènement d’Internet,Web initial,Internet,https://upload.wikimedia.org/wikipedia/commons/thumb/a/a2/Internet_of_Things_logo.svg/1920px-Internet_of_Things_logo.svg.png,https://fr.wikipedia.org/wiki/Internet_des_objets
UNIX,"Un système d'exploitation multi-utilisateurs et multi-tâches, qui a servi de base à de nombreux OS modernes.","UNIX a été développé par Ken Thompson et Dennis Ritchie chez Bell Labs en 1969. Il a été conçu pour être simple et portable, ce qui l'a rendu très populaire dans les milieux universitaires et de la recherche.","Le développement d'UNIX est un concept clé. Son architecture en petits programmes qui communiquent entre eux (le concept de pipes) a influencé la conception de tous les systèmes d'exploitation modernes, y compris Linux et macOS.",Concept clé,1969,Ère des premiers ordinateurs,Premiers langages,Logiciel libre,https://upload.wikimedia.org/wikipedia/commons/b/bc/Unix_history-simple.svg,https://fr.wikipedia.org/wiki/Unix
VisiCalc,"Le premier tableur informatique, qui a révolutionné les méthodes de travail en entreprise et la bureautique.","VisiCalc a été lancé en 1979 par Dan Bricklin et Bob Frankston. C'était le premier tableur sur un ordinateur personnel, l'Apple II. Il a permis d'automatiser des calculs financiers et de faire des prévisions complexes.",VisiCalc a transformé l'Apple II en un outil d'affaires indispensable. C'est un fun fact qui a prouvé l'utilité des ordinateurs personnels au-delà du loisir. Il est l'ancêtre d'Excel et de Google Sheets.,Fun fact,1979,Informatique personnelle & réseaux,Micro-ordinateurs,Logiciel libre,https://upload.wikimedia.org/wikipedia/commons/thumb/7/7b/VisiCalc-AppleII.png/1920px-VisiCalc-AppleII.png,https://fr.wikipedia.org/wiki/VisiCalc
MS-DOS,"Un système d'exploitation simple, mais crucial, qui a dominé le marché des ordinateurs personnels dans les années 1980.","MS-DOS (Microsoft Disk Operating System) a été développé par Microsoft pour l'IBM PC en 1981. C'était un système d'exploitation en ligne de commande, qui est devenu le standard de fait pour tous les PC compatibles.",MS-DOS a été le point de départ de l'ascension de Microsoft. Il a permis à Bill Gates de négocier un accord qui a fait de Microsoft le géant que l'on connaît aujourd'hui. C'est un fun fact qui a changé l'histoire.,Fun fact,1981,Informatique personnelle & réseaux,Standardisation réseau,Logiciel libre,https://upload.wikimedia.org/wikipedia/commons/a/a7/MS-DOS_3.30.png,https://fr.wikipedia.org/wiki/MS-DOS
Projet GNU et FSF,"Le lancement d'un projet pour créer un système d'exploitation entièrement libre, basé sur UNIX.","Richard Stallman a lancé le projet GNU en 1983, avec pour objectif de créer un système d'exploitation entièrement libre. La Free Software Foundation (FSF) a été créée pour promouvoir et défendre la liberté du logiciel. C'est un mouvement qui a eu un impact majeur.","Le projet GNU a permis de populariser l'idée que le logiciel devait être libre. Le noyau Linux, développé par Linus Torvalds, a complété le système GNU pour créer un système d'exploitation entièrement libre et complet. C'est la base de nombreux OS.",Concept clé,1983,Informatique personnelle & réseaux,Standardisation réseau,Logiciel libre,https://upload.wikimedia.org/wikipedia/commons/thumb/9/91/Richard_Stallman_2004.jpg/1920px-Richard_Stallman_2004.jpg,https://fr.wikipedia.org/wiki/Projet_GNU
Linux,"Un système d'exploitation libre et open source, qui a été un tournant pour les serveurs et le logiciel libre.",Linus Torvalds a développé le noyau Linux en 1991. Ce noyau a été combiné avec les outils du projet GNU pour créer un système d'exploitation complet. Il est devenu un pilier des serveurs et des supercalculateurs.,Linux a donné naissance à de nombreuses distributions comme Ubuntu et Red Hat. Il a démocratisé les serveurs et a montré que le modèle de développement collaboratif open source était viable et très efficace. C'est une innovation majeure.,Concept clé,1991,Avènement d’Internet,Web initial,Logiciel libre,https://upload.wikimedia.org/wikipedia/commons/thumb/3/35/Tux.svg/1920px-Tux.svg.png,https://fr.wikipedia.org/wiki/Linux
Apparition de Windows 1.0,"La première version de Windows, qui a introduit une interface graphique sur les ordinateurs personnels.","Microsoft a lancé Windows 1.0 en 1985. C'était une interface graphique qui fonctionnait sur MS-DOS. Bien que primitive et peu populaire, elle a posé les bases de ce qui allait devenir le système d'exploitation dominant.","L'histoire raconte que la première version de Windows a failli ne jamais voir le jour. Il s'agissait d'une réponse à Apple et à son Macintosh, une rivalité qui a stimulé l'innovation dans l'industrie. C'est un fun fact amusant.",Fun fact,1985,Informatique personnelle & réseaux,Standardisation réseau,Logiciel libre,https://upload.wikimedia.org/wikipedia/commons/thumb/3/30/Windows_1.01.png/1920px-Windows_1.01.png,https://fr.wikipedia.org/wiki/Windows_1.0
Lancement de Firefox,"Un navigateur web open source, qui a popularisé la notion de logiciel libre pour le grand public.","Mozilla a lancé Firefox 1.0 en 2004. Il est devenu une alternative populaire à Internet Explorer, offrant des fonctionnalités plus modernes, une meilleure sécurité et une prise en charge des standards du Web. Il est basé sur une philosophie open source.",Firefox a été l'un des premiers logiciels libres à être largement adopté par le grand public. Son succès a montré que le logiciel libre pouvait rivaliser avec des produits propriétaires et a renforcé le mouvement du logiciel libre.,Concept clé,2004,Avènement d’Internet,Web 2.0,Logiciel libre,https://upload.wikimedia.org/wikipedia/commons/thumb/a/a0/Firefox_logo%2C_2019.svg/1920px-Firefox_logo%2C_2019.svg.png,https://fr.wikipedia.org/wiki/Firefox
Deep Blue bat Kasparov,"Le premier ordinateur à battre un champion du monde d'échecs, un tournant pour l'intelligence artificielle.","En 1997, l'ordinateur Deep Blue d'IBM a battu le champion du monde Garry Kasparov. C'était la première fois qu'une machine battait un grand maître d'échecs dans un match en six parties. C'est une étape symbolique pour l'IA.","La victoire de Deep Blue a montré le pouvoir de la force brute de calcul. C'est une statistique impressionnante, car l'ordinateur était capable d'analyser des millions de positions par seconde. Un événement majeur pour l'IA et l'informatique.",La stat,1997,Avènement d’Internet,Web initial,Intelligence Artificielle,https://upload.wikimedia.org/wikipedia/commons/thumb/d/d4/Garry_Kasparov_1997.jpg/1920px-Garry_Kasparov_1997.jpg,https://fr.wikipedia.org/wiki/Deep_Blue
AlphaGo bat Lee Sedol,"Un programme d'intelligence artificielle qui a vaincu un champion mondial du jeu de Go, marquant une nouvelle ère pour l'IA.","En 2016, le programme AlphaGo de DeepMind a battu le champion du monde Lee Sedol 4-1. C'était une avancée majeure, car le Go est considéré comme un jeu beaucoup plus complexe que les échecs, nécessitant de l'intuition et une vision globale.","La victoire d'AlphaGo n'était pas due à la force brute, mais à l'utilisation de l'apprentissage par renforcement et des réseaux neuronaux. Le deep learning a permis à la machine de s'entraîner seule, ouvrant la voie à l'IA moderne.",Concept clé,2016,Informatique ubiquitaire & IA,Big Data & Cloud,Intelligence Artificielle,https://upload.wikimedia.org/wikipedia/commons/thumb/3/30/Lee_Sedol_and_AlphaGo.jpg/1920px-Lee_Sedol_and_AlphaGo.jpg,https://fr.wikipedia.org/wiki/AlphaGo
ChatGPT,Un modèle de langage conversationnel qui a démocratisé l'intelligence artificielle générative pour le grand public.,"Lancé par OpenAI en 2022, ChatGPT est un modèle de langage basé sur l'architecture Transformer. Il est capable de générer du texte, de converser et de répondre à des questions de manière très naturelle. C'est un modèle LLM (Large Language Model).",La démocratisation de l'IA générative a ouvert de nouvelles perspectives dans de nombreux domaines. Le succès de ChatGPT a accéléré l'adoption de l'intelligence artificielle par le grand public et a mis en lumière son potentiel et ses défis éthiques.,Concept clé,2022,Informatique ubiquitaire & IA,IA générative & ubiquité,Intelligence Artificielle,https://upload.wikimedia.org/wikipedia/commons/thumb/0/04/ChatGPT_logo.svg/1920px-ChatGPT_logo.svg.png,https://fr.wikipedia.org/wiki/ChatGPT
Premier virus informatique,"Le premier virus informatique a été découvert, marquant le début de l'ère de la cybersécurité.","En 1971, le programme ""Creeper"" a été créé pour tester une technologie. Il s'agissait d'un programme qui se répliquait sur le réseau ARPANET. Il ne causait aucun dommage, mais c'était le premier programme auto-réplicatif, un précurseur des virus.","Le ""Creeper"" était un virus expérimental. Il n'a pas été conçu avec de mauvaises intentions, mais son existence a mis en évidence la nécessité de sécuriser les réseaux informatiques et a ouvert la voie à la cybersécurité.",Concept clé,1971,Informatique personnelle & réseaux,Micro-ordinateurs,Cybersécurité,https://upload.wikimedia.org/wikipedia/commons/thumb/7/7b/Virus_Icon.svg/1920px-Virus_Icon.svg.png,https://fr.wikipedia.org/wiki/Creeper_(informatique
Wannacry (2017),Une cyberattaque mondiale qui a utilisé un rançongiciel pour chiffrer les données d'utilisateurs.,WannaCry est un rançongiciel qui s'est propagé sur des milliers d'ordinateurs en mai 2017. Il exploitait une faille de sécurité de Windows pour chiffrer les données et demandait une rançon en Bitcoin pour les débloquer.,"L'attaque Wannacry a touché des entreprises et des hôpitaux dans plus de 150 pays. C'est une statistique impressionnante, qui a montré l'ampleur des menaces sur le web. La vulnérabilité exploitée a été volée à la NSA.",La stat,2017,Informatique ubiquitaire & IA,Big Data & Cloud,Cybersécurité,https://upload.wikimedia.org/wikipedia/commons/thumb/c/c5/WannaCry_ransomware_demand_screen.png/1920px-WannaCry_ransomware_demand_screen.png,https://fr.wikipedia.org/wiki/WannaCry
RGPD (2018),Une réglementation européenne qui a pour but de protéger les données personnelles des citoyens.,Le Règlement Général sur la Protection des Données (RGPD) est entré en vigueur en 2018. Il vise à donner aux citoyens un plus grand contrôle sur leurs données personnelles et impose des obligations strictes aux entreprises qui les collectent.,"Le RGPD a eu un impact majeur sur le Web, car il a contraint les entreprises à revoir leurs politiques de confidentialité. Il a également permis de sensibiliser le public à la question de la protection de leurs données. C'est un concept clé.",Concept clé,2018,Informatique ubiquitaire & IA,IA générative & ubiquité,Cybersécurité,https://upload.wikimedia.org/wikipedia/commons/thumb/c/c5/GDPR_logo.svg/1920px-GDPR_logo.svg.png,https://fr.wikipedia.org/wiki/R%C3%A8glement_g%C3%A9n%C3%A9ral_sur_la_protection_des_donn%C3%A9es
Google,Un moteur de recherche qui a révolutionné la façon de trouver de l'information sur Internet.,"Créé en 1998 par Larry Page et Sergey Brin, Google a révolutionné la recherche en ligne avec son algorithme de classement PageRank. Il est rapidement devenu le moteur de recherche dominant et a ouvert la voie à de nombreux autres services en ligne.",L'algorithme de Google a permis de classer les pages en fonction de leur pertinence et du nombre de liens qui pointaient vers elles. C'est une innovation majeure qui a fait de Google une star de la Silicon Valley.,La star,1998,Avènement d’Internet,Web initial,Internet,https://upload.wikimedia.org/wikipedia/commons/thumb/2/2f/Google_2015_logo.svg/1920px-Google_2015_logo.svg.png,https://fr.wikipedia.org/wiki/Google
Wikipedia,"Une encyclopédie collaborative en ligne, qui a démocratisé l'accès au savoir et à l'information.","Lancée en 2001, Wikipedia est une encyclopédie en ligne rédigée par des milliers de contributeurs bénévoles. Son modèle d'édition collaborative a permis de créer un gigantesque corpus de connaissances, accessible gratuitement. C'est l'un des sites les plus consultés.","Wikipedia est un exemple emblématique du Web 2.0 et du modèle collaboratif. Son succès a prouvé que des projets collectifs de grande envergure étaient possibles en ligne, et que le savoir peut être partagé librement. C'est un concept clé.",Concept clé,2001,Avènement d’Internet,Web 2.0,Internet,https://upload.wikimedia.org/wikipedia/commons/thumb/8/87/Wikipedia_logo.svg/1920px-Wikipedia_logo.svg.png,https://fr.wikipedia.org/wiki/Wikip%C3%A9dia
Facebook,Le réseau social qui a démocratisé les interactions en ligne et a changé la façon de communiquer.,"Créé par Mark Zuckerberg en 2004, Facebook a été l'un des premiers réseaux sociaux à atteindre un milliard d'utilisateurs. Il a transformé la façon dont les gens interagissent, se connectent et partagent du contenu en ligne. Il est une star du Web 2.0.","Le nom original de Facebook était ""Thefacebook"". Il était initialement réservé aux étudiants de l'Université Harvard avant d'être étendu au grand public. C'est un fun fact qui montre les débuts d'une entreprise mondiale.",Fun fact,2004,Avènement d’Internet,Web 2.0,Internet,https://upload.wikimedia.org/wikipedia/commons/thumb/c/cd/Facebook_logo_%28EN%29.svg/1920px-Facebook_logo_%28EN%29.svg.png,https://fr.wikipedia.org/wiki/Facebook
YouTube,Une plateforme de partage de vidéos qui a transformé la consommation de contenu en ligne.,"Fondée en 2005, YouTube a permis à des millions d'utilisateurs de partager, de regarder et de commenter des vidéos en ligne. Son succès a été fulgurant, et il est devenu le deuxième site le plus visité au monde. Il a lancé l'ère des créateurs de contenu.","La première vidéo mise en ligne s'intitulait ""Me at the zoo"". Elle a été filmée par l'un des co-fondateurs de YouTube et dure 18 secondes. C'est un fun fact qui a marqué le début d'une révolution dans l'industrie des médias.",Fun fact,2005,Avènement d’Internet,Web 2.0,Internet,https://upload.wikimedia.org/wikipedia/commons/thumb/4/4f/YouTube_social_white.png/1920px-YouTube_social_white.png,https://fr.wikipedia.org/wiki/YouTube
Invention de la machine Z1,"Une des premières machines à calculer binaires et programmables, conçue par Konrad Zuse.","La Z1 a été construite entre 1936 et 1938. C'était une machine mécanique qui utilisait déjà le système binaire pour le calcul et le stockage. C'était une innovation majeure, car la plupart des machines de l'époque étaient basées sur le système décimal.","La machine Z1 est la première d'une série de machines construites par Zuse. Il a également mis au point le premier langage de programmation de haut niveau, le Plankalkül. C'est un précurseur des ordinateurs programmables, malgré son échec mécanique.",Le saviez-vous,1938,Théorisation de l’informatique,Fondements théoriques,Hardware,https://upload.wikimedia.org/wikipedia/commons/d/de/Zuse-Z1.jpg,https://fr.wikipedia.org/wiki/Z1_(ordinateur
